-- Fill with content

-- principal
INSERT INTO principal(name, login, password) VALUES ('Laurie', '1', 'password');
INSERT INTO principal(name, login, password) VALUES ('Zada', '2', 'password');
INSERT INTO principal(name, login, password) VALUES ('Shemika', '3', 'password');
INSERT INTO principal(name, login, password) VALUES ('Ray', '4', 'password');
INSERT INTO principal(name, login, password) VALUES ('German', '5', 'password');
INSERT INTO principal(name, login, password) VALUES ('Luther', '6', 'password');
INSERT INTO principal(name, login, password) VALUES ('Susannah', '7', 'password');
INSERT INTO principal(name, login, password) VALUES ('Lydia', '8', 'password');
INSERT INTO principal(name, login, password) VALUES ('Maybell', '9', 'password');
INSERT INTO principal(name, login, password) VALUES ('Laci', '10', 'password');
INSERT INTO principal(name, login, password) VALUES ('Mikaela', '11', 'password');
INSERT INTO principal(name, login, password) VALUES ('Alfredo', '12', 'password');
INSERT INTO principal(name, login, password) VALUES ('Hanna', '13', 'password');
INSERT INTO principal(name, login, password) VALUES ('Laquanda', '14', 'password');
INSERT INTO principal(name, login, password) VALUES ('Argelia', '15', 'password');
INSERT INTO principal(name, login, password) VALUES ('Janetta', '16', 'password');
INSERT INTO principal(name, login, password) VALUES ('Tiana', '17', 'password');
INSERT INTO principal(name, login, password) VALUES ('Suzanna', '18', 'password');
INSERT INTO principal(name, login, password) VALUES ('Desmond', '19', 'password');
INSERT INTO principal(name, login, password) VALUES ('Todd', '20', 'password');
INSERT INTO principal(name, login, password) VALUES ('Alison', '21', 'password');
INSERT INTO principal(name, login, password) VALUES ('Stephany', '22', 'password');
INSERT INTO principal(name, login, password) VALUES ('Tonja', '23', 'password');
INSERT INTO principal(name, login, password) VALUES ('Margot', '24', 'password');
INSERT INTO principal(name, login, password) VALUES ('Saul', '25', 'password');
INSERT INTO principal(name, login, password) VALUES ('Jenifer', '26', 'password');
INSERT INTO principal(name, login, password) VALUES ('Bella', '27', 'password');
INSERT INTO principal(name, login, password) VALUES ('Chieko', '28', 'password');
INSERT INTO principal(name, login, password) VALUES ('Amie', '29', 'password');
-- author
INSERT INTO author(name, login, password, price_per_1000) VALUES ('Solomon', '1', 'password', 500);
INSERT INTO author(name, login, password, price_per_1000) VALUES ('Herlinda', '2', 'password', 500);
INSERT INTO author(name, login, password, price_per_1000) VALUES ('Nelia', '3', 'password', 500);
INSERT INTO author(name, login, password, price_per_1000) VALUES ('Shella', '4', 'password', 500);
INSERT INTO author(name, login, password, price_per_1000) VALUES ('Ina', '5', 'password', 500);
INSERT INTO author(name, login, password, price_per_1000) VALUES ('Giovanni', '6', 'password', 500);
INSERT INTO author(name, login, password, price_per_1000) VALUES ('Elba', '7', 'password', 500);
INSERT INTO author(name, login, password, price_per_1000) VALUES ('Katharyn', '8', 'password', 500);
INSERT INTO author(name, login, password, price_per_1000) VALUES ('Adria', '9', 'password', 500);
INSERT INTO author(name, login, password, price_per_1000) VALUES ('Lorena', '10', 'password', 500);
INSERT INTO author(name, login, password, price_per_1000) VALUES ('Melina', '11', 'password', 500);
INSERT INTO author(name, login, password, price_per_1000) VALUES ('Latoria', '12', 'password', 500);
INSERT INTO author(name, login, password, price_per_1000) VALUES ('Gale', '13', 'password', 500);
INSERT INTO author(name, login, password, price_per_1000) VALUES ('Karey', '14', 'password', 500);
INSERT INTO author(name, login, password, price_per_1000) VALUES ('Darwin', '15', 'password', 500);
INSERT INTO author(name, login, password, price_per_1000) VALUES ('Nancie', '16', 'password', 500);
INSERT INTO author(name, login, password, price_per_1000) VALUES ('Merissa', '17', 'password', 500);
INSERT INTO author(name, login, password, price_per_1000) VALUES ('Shayna', '18', 'password', 500);
INSERT INTO author(name, login, password, price_per_1000) VALUES ('Juli', '19', 'password', 500);
INSERT INTO author(name, login, password, price_per_1000) VALUES ('Melita', '20', 'password', 500);
INSERT INTO author(name, login, password, price_per_1000) VALUES ('Delmar', '21', 'password', 500);
INSERT INTO author(name, login, password, price_per_1000) VALUES ('Rosemary', '22', 'password', 500);
INSERT INTO author(name, login, password, price_per_1000) VALUES ('Peter', '23', 'password', 500);
INSERT INTO author(name, login, password, price_per_1000) VALUES ('Donald', '24', 'password', 500);
INSERT INTO author(name, login, password, price_per_1000) VALUES ('Basilia', '25', 'password', 500);
INSERT INTO author(name, login, password, price_per_1000) VALUES ('Talia', '26', 'password', 500);
INSERT INTO author(name, login, password, price_per_1000) VALUES ('Lino', '27', 'password', 500);
INSERT INTO author(name, login, password, price_per_1000) VALUES ('Josie', '28', 'password', 500);
INSERT INTO author(name, login, password, price_per_1000) VALUES ('Edward', '29', 'password', 500);
-- agent
INSERT INTO agent(name) VALUES ('Solomon');
INSERT INTO agent(name) VALUES ('Herlinda');
INSERT INTO agent(name) VALUES ('Nelia');
INSERT INTO agent(name) VALUES ('Shella');
INSERT INTO agent(name) VALUES ('Ina');
INSERT INTO agent(name) VALUES ('Giovanni');
INSERT INTO agent(name) VALUES ('Elba');
INSERT INTO agent(name) VALUES ('Katharyn');
INSERT INTO agent(name) VALUES ('Adria');
INSERT INTO agent(name) VALUES ('Lorena');
INSERT INTO agent(name) VALUES ('Melina');
INSERT INTO agent(name) VALUES ('Latoria');
INSERT INTO agent(name) VALUES ('Gale');
INSERT INTO agent(name) VALUES ('Karey');
INSERT INTO agent(name) VALUES ('Darwin');
INSERT INTO agent(name) VALUES ('Nancie');
INSERT INTO agent(name) VALUES ('Merissa');
INSERT INTO agent(name) VALUES ('Shayna');
INSERT INTO agent(name) VALUES ('Juli');
INSERT INTO agent(name) VALUES ('Melita');
INSERT INTO agent(name) VALUES ('Delmar');
INSERT INTO agent(name) VALUES ('Rosemary');
INSERT INTO agent(name) VALUES ('Peter');
INSERT INTO agent(name) VALUES ('Donald');
INSERT INTO agent(name) VALUES ('Basilia');
INSERT INTO agent(name) VALUES ('Talia');
INSERT INTO agent(name) VALUES ('Lino');
INSERT INTO agent(name) VALUES ('Josie');
INSERT INTO agent(name) VALUES ('Edward');
-- author_agent
INSERT INTO author_agent(group_id,author_id) VALUES (1,1);
INSERT INTO author_agent(group_id,author_id) VALUES (2,2);
INSERT INTO author_agent(group_id,author_id) VALUES (3,3);
INSERT INTO author_agent(group_id,author_id) VALUES (4,4);
INSERT INTO author_agent(group_id,author_id) VALUES (5,5);
INSERT INTO author_agent(group_id,author_id) VALUES (6,6);
INSERT INTO author_agent(group_id,author_id) VALUES (7,7);
INSERT INTO author_agent(group_id,author_id) VALUES (8,8);
INSERT INTO author_agent(group_id,author_id) VALUES (9,9);
INSERT INTO author_agent(group_id,author_id) VALUES (10,10);
INSERT INTO author_agent(group_id,author_id) VALUES (11,11);
INSERT INTO author_agent(group_id,author_id) VALUES (12,12);
INSERT INTO author_agent(group_id,author_id) VALUES (13,13);
INSERT INTO author_agent(group_id,author_id) VALUES (14,14);
INSERT INTO author_agent(group_id,author_id) VALUES (15,15);
INSERT INTO author_agent(group_id,author_id) VALUES (16,16);
INSERT INTO author_agent(group_id,author_id) VALUES (17,17);
INSERT INTO author_agent(group_id,author_id) VALUES (18,18);
INSERT INTO author_agent(group_id,author_id) VALUES (19,19);
INSERT INTO author_agent(group_id,author_id) VALUES (20,20);
INSERT INTO author_agent(group_id,author_id) VALUES (21,21);
INSERT INTO author_agent(group_id,author_id) VALUES (22,22);
INSERT INTO author_agent(group_id,author_id) VALUES (23,23);
INSERT INTO author_agent(group_id,author_id) VALUES (24,24);
INSERT INTO author_agent(group_id,author_id) VALUES (25,25);
INSERT INTO author_agent(group_id,author_id) VALUES (26,26);
INSERT INTO author_agent(group_id,author_id) VALUES (27,27);
INSERT INTO author_agent(group_id,author_id) VALUES (28,28);
INSERT INTO author_agent(group_id,author_id) VALUES (29,29);
INSERT INTO author_agent(group_id,author_id) VALUES (1,2);
INSERT INTO author_agent(group_id,author_id) VALUES (1,3);
-- style
INSERT INTO style(name) VALUES ('factual_description');
INSERT INTO style(name) VALUES ('factual_recount');
INSERT INTO style(name) VALUES ('information_report');
INSERT INTO style(name) VALUES ('procedure');
INSERT INTO style(name) VALUES ('procedural_recount');
INSERT INTO style(name) VALUES ('explanation');
INSERT INTO style(name) VALUES ('exposition');
INSERT INTO style(name) VALUES ('discussion');
INSERT INTO style(name) VALUES ('literary_description');
INSERT INTO style(name) VALUES ('literary_recount');
INSERT INTO style(name) VALUES ('personal_response');
INSERT INTO style(name) VALUES ('review');
INSERT INTO style(name) VALUES ('narrative');
-- social_network
INSERT INTO social_network(name) VALUES ('Facebook');
INSERT INTO social_network(name) VALUES ('VK');
INSERT INTO social_network(name) VALUES ('Instagram');
INSERT INTO social_network(name) VALUES ('Twitter');
INSERT INTO social_network(name) VALUES ('LinkedIn');
-- account
INSERT INTO account(principal_id, social_network_id, login, password) VALUES (1, 1, '1', 'password');
INSERT INTO account(principal_id, social_network_id, login, password) VALUES (2, 2, '2', 'password');
INSERT INTO account(principal_id, social_network_id, login, password) VALUES (3, 3, '3', 'password');
INSERT INTO account(principal_id, social_network_id, login, password) VALUES (4, 3, '4', 'password');
INSERT INTO account(principal_id, social_network_id, login, password) VALUES (5, 3, '5', 'password');
INSERT INTO account(principal_id, social_network_id, login, password) VALUES (6, 4, '6', 'password');
INSERT INTO account(principal_id, social_network_id, login, password) VALUES (7, 1, '7', 'password');
INSERT INTO account(principal_id, social_network_id, login, password) VALUES (8, 3, '8', 'password');
INSERT INTO account(principal_id, social_network_id, login, password) VALUES (9, 1, '9', 'password');
INSERT INTO account(principal_id, social_network_id, login, password) VALUES (10, 1, '10', 'password');
INSERT INTO account(principal_id, social_network_id, login, password) VALUES (11, 2, '11', 'password');
INSERT INTO account(principal_id, social_network_id, login, password) VALUES (12, 3, '12', 'password');
INSERT INTO account(principal_id, social_network_id, login, password) VALUES (13, 4, '13', 'password');
INSERT INTO account(principal_id, social_network_id, login, password) VALUES (14, 5, '14', 'password');
INSERT INTO account(principal_id, social_network_id, login, password) VALUES (15, 1, '15', 'password');
INSERT INTO account(principal_id, social_network_id, login, password) VALUES (16, 2, '16', 'password');
INSERT INTO account(principal_id, social_network_id, login, password) VALUES (17, 3, '17', 'password');
INSERT INTO account(principal_id, social_network_id, login, password) VALUES (18, 4, '18', 'password');
INSERT INTO account(principal_id, social_network_id, login, password) VALUES (19, 5, '19', 'password');
INSERT INTO account(principal_id, social_network_id, login, password) VALUES (20, 1, '20', 'password');
INSERT INTO account(principal_id, social_network_id, login, password) VALUES (21, 2, '21', 'password');
INSERT INTO account(principal_id, social_network_id, login, password) VALUES (22, 3, '22', 'password');
INSERT INTO account(principal_id, social_network_id, login, password) VALUES (23, 4, '23', 'password');
INSERT INTO account(principal_id, social_network_id, login, password) VALUES (24, 5, '24', 'password');
INSERT INTO account(principal_id, social_network_id, login, password) VALUES (25, 1, '25', 'password');
INSERT INTO account(principal_id, social_network_id, login, password) VALUES (26, 2, '26', 'password');
INSERT INTO account(principal_id, social_network_id, login, password) VALUES (27, 3, '27', 'password');
INSERT INTO account(principal_id, social_network_id, login, password) VALUES (28, 4, '28', 'password');
INSERT INTO account(principal_id, social_network_id, login, password) VALUES (29, 5, '29', 'password');
-- discount
INSERT INTO discount(author_id, style_id, sale_to, discount) VALUES (1, 1, '2020-11-02', 0.9);
INSERT INTO discount(author_id, style_id, sale_to, discount) VALUES (2, 2, '2020-11-03', 0.9);
INSERT INTO discount(author_id, style_id, sale_to, discount) VALUES (3, 3, '2020-09-11', 0.80);
INSERT INTO discount(author_id, style_id, sale_to, discount) VALUES (4, 3, '2020-08-25', 0.7);
INSERT INTO discount(author_id, style_id, sale_to, discount) VALUES (5, 5, '2020-09-11', 0.85);
-- posts
INSERT INTO posts(account_id, text, style_id, date) VALUES (1, '', 1, '2020-05-26');
INSERT INTO posts(account_id, text, style_id, date) VALUES (2, '', 2, '2020-05-27');
INSERT INTO posts(account_id, text, style_id, date) VALUES (3, '', 3, '2020-05-26');
INSERT INTO posts(account_id, text, style_id, date) VALUES (4, '', 4, '2020-05-21');
INSERT INTO posts(account_id, text, style_id, date) VALUES (5, '', 5, '2020-05-16');
-- orders
INSERT INTO orders(principal_id, agent_id, volume, post_id, price, date, status) VALUES (1, 1, 100, 1, 100, '2020-05-26', 'opened');
INSERT INTO orders(principal_id, agent_id, volume, post_id, price, date, status) VALUES (2, 2, 110, 2, 47, '2020-05-27', 'opened');
INSERT INTO orders(principal_id, agent_id, volume, post_id, price, date, status) VALUES (3, 3, 120, 3, 95, '2020-05-26', 'opened');
INSERT INTO orders(principal_id, agent_id, volume, post_id, price, date, status) VALUES (4, 4, 130, 4, 118, '2020-05-21', 'opened');
INSERT INTO orders(principal_id, agent_id, volume, post_id, price, date, status) VALUES (5, 5, 1000, 5, 120, '2020-05-16', 'opened');
