-- Fill with content

-- principal
INSERT INTO principal(name) VALUES ('Laurie');
INSERT INTO principal(name) VALUES ('Zada');
INSERT INTO principal(name) VALUES ('Shemika');
INSERT INTO principal(name) VALUES ('Ray');
INSERT INTO principal(name) VALUES ('German');
INSERT INTO principal(name) VALUES ('Luther');
INSERT INTO principal(name) VALUES ('Susannah');
INSERT INTO principal(name) VALUES ('Lydia');
INSERT INTO principal(name) VALUES ('Maybell');
INSERT INTO principal(name) VALUES ('Laci');
INSERT INTO principal(name) VALUES ('Mikaela');
INSERT INTO principal(name) VALUES ('Alfredo');
INSERT INTO principal(name) VALUES ('Hanna');
INSERT INTO principal(name) VALUES ('Laquanda');
INSERT INTO principal(name) VALUES ('Argelia');
INSERT INTO principal(name) VALUES ('Janetta');
INSERT INTO principal(name) VALUES ('Tiana');
INSERT INTO principal(name) VALUES ('Suzanna');
INSERT INTO principal(name) VALUES ('Desmond');
INSERT INTO principal(name) VALUES ('Todd');
INSERT INTO principal(name) VALUES ('Alison');
INSERT INTO principal(name) VALUES ('Stephany');
INSERT INTO principal(name) VALUES ('Tonja');
INSERT INTO principal(name) VALUES ('Margot');
INSERT INTO principal(name) VALUES ('Saul');
INSERT INTO principal(name) VALUES ('Jenifer');
INSERT INTO principal(name) VALUES ('Bella');
INSERT INTO principal(name) VALUES ('Chieko');
INSERT INTO principal(name) VALUES ('Amie');
-- author
INSERT INTO author(name) VALUES ('Solomon');
INSERT INTO author(name) VALUES ('Herlinda');
INSERT INTO author(name) VALUES ('Nelia');
INSERT INTO author(name) VALUES ('Shella');
INSERT INTO author(name) VALUES ('Ina');
INSERT INTO author(name) VALUES ('Giovanni');
INSERT INTO author(name) VALUES ('Elba');
INSERT INTO author(name) VALUES ('Katharyn');
INSERT INTO author(name) VALUES ('Adria');
INSERT INTO author(name) VALUES ('Lorena');
INSERT INTO author(name) VALUES ('Melina');
INSERT INTO author(name) VALUES ('Latoria');
INSERT INTO author(name) VALUES ('Gale');
INSERT INTO author(name) VALUES ('Karey');
INSERT INTO author(name) VALUES ('Darwin');
INSERT INTO author(name) VALUES ('Nancie');
INSERT INTO author(name) VALUES ('Merissa');
INSERT INTO author(name) VALUES ('Shayna');
INSERT INTO author(name) VALUES ('Juli');
INSERT INTO author(name) VALUES ('Melita');
INSERT INTO author(name) VALUES ('Delmar');
INSERT INTO author(name) VALUES ('Rosemary');
INSERT INTO author(name) VALUES ('Peter');
INSERT INTO author(name) VALUES ('Donald');
INSERT INTO author(name) VALUES ('Basilia');
INSERT INTO author(name) VALUES ('Talia');
INSERT INTO author(name) VALUES ('Lino');
INSERT INTO author(name) VALUES ('Josie');
INSERT INTO author(name) VALUES ('Edward');
-- agent
INSERT INTO agent(name) VALUES ('Solomon');
INSERT INTO agent(name) VALUES ('Herlinda');
INSERT INTO agent(name) VALUES ('Nelia');
INSERT INTO agent(name) VALUES ('Shella');
INSERT INTO agent(name) VALUES ('Ina');
INSERT INTO agent(name) VALUES ('Giovanni');
INSERT INTO agent(name) VALUES ('Elba');
INSERT INTO agent(name) VALUES ('Katharyn');
INSERT INTO agent(name) VALUES ('Adria');
INSERT INTO agent(name) VALUES ('Lorena');
INSERT INTO agent(name) VALUES ('Melina');
INSERT INTO agent(name) VALUES ('Latoria');
INSERT INTO agent(name) VALUES ('Gale');
INSERT INTO agent(name) VALUES ('Karey');
INSERT INTO agent(name) VALUES ('Darwin');
INSERT INTO agent(name) VALUES ('Nancie');
INSERT INTO agent(name) VALUES ('Merissa');
INSERT INTO agent(name) VALUES ('Shayna');
INSERT INTO agent(name) VALUES ('Juli');
INSERT INTO agent(name) VALUES ('Melita');
INSERT INTO agent(name) VALUES ('Delmar');
INSERT INTO agent(name) VALUES ('Rosemary');
INSERT INTO agent(name) VALUES ('Peter');
INSERT INTO agent(name) VALUES ('Donald');
INSERT INTO agent(name) VALUES ('Basilia');
INSERT INTO agent(name) VALUES ('Talia');
INSERT INTO agent(name) VALUES ('Lino');
INSERT INTO agent(name) VALUES ('Josie');
INSERT INTO agent(name) VALUES ('Edward');
-- author_agent
INSERT INTO author_agent(group_id,author_id) VALUES (1,1);
INSERT INTO author_agent(group_id,author_id) VALUES (2,2);
INSERT INTO author_agent(group_id,author_id) VALUES (3,3);
INSERT INTO author_agent(group_id,author_id) VALUES (4,4);
INSERT INTO author_agent(group_id,author_id) VALUES (5,5);
INSERT INTO author_agent(group_id,author_id) VALUES (6,6);
INSERT INTO author_agent(group_id,author_id) VALUES (7,7);
INSERT INTO author_agent(group_id,author_id) VALUES (8,8);
INSERT INTO author_agent(group_id,author_id) VALUES (9,9);
INSERT INTO author_agent(group_id,author_id) VALUES (10,10);
INSERT INTO author_agent(group_id,author_id) VALUES (11,11);
INSERT INTO author_agent(group_id,author_id) VALUES (12,12);
INSERT INTO author_agent(group_id,author_id) VALUES (13,13);
INSERT INTO author_agent(group_id,author_id) VALUES (14,14);
INSERT INTO author_agent(group_id,author_id) VALUES (15,15);
INSERT INTO author_agent(group_id,author_id) VALUES (16,16);
INSERT INTO author_agent(group_id,author_id) VALUES (17,17);
INSERT INTO author_agent(group_id,author_id) VALUES (18,18);
INSERT INTO author_agent(group_id,author_id) VALUES (19,19);
INSERT INTO author_agent(group_id,author_id) VALUES (20,20);
INSERT INTO author_agent(group_id,author_id) VALUES (21,21);
INSERT INTO author_agent(group_id,author_id) VALUES (22,22);
INSERT INTO author_agent(group_id,author_id) VALUES (23,23);
INSERT INTO author_agent(group_id,author_id) VALUES (24,24);
INSERT INTO author_agent(group_id,author_id) VALUES (25,25);
INSERT INTO author_agent(group_id,author_id) VALUES (26,26);
INSERT INTO author_agent(group_id,author_id) VALUES (27,27);
INSERT INTO author_agent(group_id,author_id) VALUES (28,28);
INSERT INTO author_agent(group_id,author_id) VALUES (29,29);
INSERT INTO author_agent(group_id,author_id) VALUES (1,2);
INSERT INTO author_agent(group_id,author_id) VALUES (1,3);
-- style
INSERT INTO style(name) VALUES ('factual_description');
INSERT INTO style(name) VALUES ('factual_recount');
INSERT INTO style(name) VALUES ('information_report');
INSERT INTO style(name) VALUES ('procedure');
INSERT INTO style(name) VALUES ('procedural_recount');
INSERT INTO style(name) VALUES ('explanation');
INSERT INTO style(name) VALUES ('exposition');
INSERT INTO style(name) VALUES ('discussion');
INSERT INTO style(name) VALUES ('literary_description');
INSERT INTO style(name) VALUES ('literary_recount');
INSERT INTO style(name) VALUES ('personal_response');
INSERT INTO style(name) VALUES ('review');
INSERT INTO style(name) VALUES ('narrative');
-- social_network
INSERT INTO social_network(name) VALUES ('Facebook');
INSERT INTO social_network(name) VALUES ('VK');
INSERT INTO social_network(name) VALUES ('Instagram');
INSERT INTO social_network(name) VALUES ('Twitter');
INSERT INTO social_network(name) VALUES ('LinkedIn');
-- account
INSERT INTO account(principal_id, social_network_id) VALUES (1, 1);
INSERT INTO account(principal_id, social_network_id) VALUES (2, 2);
INSERT INTO account(principal_id, social_network_id) VALUES (3, 3);
INSERT INTO account(principal_id, social_network_id) VALUES (4, 3);
INSERT INTO account(principal_id, social_network_id) VALUES (5, 3);
INSERT INTO account(principal_id, social_network_id) VALUES (6, 4);
INSERT INTO account(principal_id, social_network_id) VALUES (7, 1);
INSERT INTO account(principal_id, social_network_id) VALUES (8, 3);
INSERT INTO account(principal_id, social_network_id) VALUES (9, 1);
INSERT INTO account(principal_id, social_network_id) VALUES (10, 1);
INSERT INTO account(principal_id, social_network_id) VALUES (11, 2);
INSERT INTO account(principal_id, social_network_id) VALUES (12, 3);
INSERT INTO account(principal_id, social_network_id) VALUES (13, 4);
INSERT INTO account(principal_id, social_network_id) VALUES (14, 5);
INSERT INTO account(principal_id, social_network_id) VALUES (15, 1);
INSERT INTO account(principal_id, social_network_id) VALUES (16, 2);
INSERT INTO account(principal_id, social_network_id) VALUES (17, 3);
INSERT INTO account(principal_id, social_network_id) VALUES (18, 4);
INSERT INTO account(principal_id, social_network_id) VALUES (19, 5);
INSERT INTO account(principal_id, social_network_id) VALUES (20, 1);
INSERT INTO account(principal_id, social_network_id) VALUES (21, 2);
INSERT INTO account(principal_id, social_network_id) VALUES (22, 3);
INSERT INTO account(principal_id, social_network_id) VALUES (23, 4);
INSERT INTO account(principal_id, social_network_id) VALUES (24, 5);
INSERT INTO account(principal_id, social_network_id) VALUES (25, 1);
INSERT INTO account(principal_id, social_network_id) VALUES (26, 2);
INSERT INTO account(principal_id, social_network_id) VALUES (27, 3);
INSERT INTO account(principal_id, social_network_id) VALUES (28, 4);
INSERT INTO account(principal_id, social_network_id) VALUES (29, 5);
-- discount
INSERT INTO discount(agent_id, style_id, sale_to, discount) VALUES (1, 1, '2020-11-02', 0.9);
INSERT INTO discount(agent_id, style_id, sale_to, discount) VALUES (2, 2, '2020-11-03', 0.9);
INSERT INTO discount(agent_id, style_id, sale_to, discount) VALUES (3, 3, '2020-09-11', 0.80);
INSERT INTO discount(agent_id, style_id, sale_to, discount) VALUES (4, 3, '2020-08-25', 0.7);
INSERT INTO discount(agent_id, style_id, sale_to, discount) VALUES (5, 5, '2020-09-11', 0.85);
-- posts
INSERT INTO posts(account_id, text, style_id, date) VALUES (1, '', 1, '2020-05-26');
INSERT INTO posts(account_id, text, style_id, date) VALUES (2, '', 2, '2020-05-27');
INSERT INTO posts(account_id, text, style_id, date) VALUES (3, '', 3, '2020-05-26');
INSERT INTO posts(account_id, text, style_id, date) VALUES (4, '', 4, '2020-05-21');
INSERT INTO posts(account_id, text, style_id, date) VALUES (5, '', 5, '2020-05-16');
-- orders
INSERT INTO orders(principal_id, agent_id, post_id, price, date, status) VALUES (1, 1, 1, 100, '2020-05-26', 'opened');
INSERT INTO orders(principal_id, agent_id, post_id, price, date, status) VALUES (2, 2, 2, 47, '2020-05-27', 'opened');
INSERT INTO orders(principal_id, agent_id, post_id, price, date, status) VALUES (3, 3, 3, 95, '2020-05-26', 'opened');
INSERT INTO orders(principal_id, agent_id, post_id, price, date, status) VALUES (4, 4, 4, 118, '2020-05-21', 'opened');
INSERT INTO orders(principal_id, agent_id, post_id, price, date, status) VALUES (5, 5, 5, 120, '2020-05-16', 'opened');
