-- Fill with content

-- authentication
INSERT INTO authentication(login, password, author) VALUES ('grolschie@comcast.net', 'password', FALSE);
INSERT INTO authentication(login, password, author) VALUES ('sinclair@yahoo.com', 'password', FALSE);
INSERT INTO authentication(login, password, author) VALUES ('bjoern@verizon.net', 'password', FALSE);
INSERT INTO authentication(login, password, author) VALUES ('carroll@att.net', 'password', FALSE);
INSERT INTO authentication(login, password, author) VALUES ('tmccarth@icloud.com', 'password', FALSE);
INSERT INTO authentication(login, password, author) VALUES ('keijser@msn.com', 'password', FALSE);
INSERT INTO authentication(login, password, author) VALUES ('jnolan@msn.com', 'password', FALSE);
INSERT INTO authentication(login, password, author) VALUES ('hutton@gmail.com', 'password', FALSE);
INSERT INTO authentication(login, password, author) VALUES ('sumdumass@yahoo.com', 'password', FALSE);
INSERT INTO authentication(login, password, author) VALUES ('tamas@optonline.net', 'password', FALSE);
INSERT INTO authentication(login, password, author) VALUES ('delpino@yahoo.ca', 'password', FALSE);
INSERT INTO authentication(login, password, author) VALUES ('hager@me.com', 'password', FALSE);
INSERT INTO authentication(login, password, author) VALUES ('mcrawfor@mac.com', 'password', FALSE);
INSERT INTO authentication(login, password, author) VALUES ('yangyan@msn.com', 'password', FALSE);
INSERT INTO authentication(login, password, author) VALUES ('bockelboy@aol.com', 'password', FALSE);
INSERT INTO authentication(login, password, author) VALUES ('greear@yahoo.ca', 'password', FALSE);
INSERT INTO authentication(login, password, author) VALUES ('gastown@yahoo.ca', 'password', FALSE);
INSERT INTO authentication(login, password, author) VALUES ('jginspace@verizon.net', 'password', FALSE);
INSERT INTO authentication(login, password, author) VALUES ('podmaster@msn.com', 'password', FALSE);
INSERT INTO authentication(login, password, author) VALUES ('cremonini@outlook.com', 'password', FALSE);
INSERT INTO authentication(login, password, author) VALUES ('rgarcia@gmail.com', 'password', FALSE);
INSERT INTO authentication(login, password, author) VALUES ('scotfl@optonline.net', 'password', FALSE);
INSERT INTO authentication(login, password, author) VALUES ('tbmaddux@hotmail.com', 'password', FALSE);
INSERT INTO authentication(login, password, author) VALUES ('jonadab@verizon.net', 'password', FALSE);
INSERT INTO authentication(login, password, author) VALUES ('crandall@mac.com', 'password', FALSE);
INSERT INTO authentication(login, password, author) VALUES ('dsowsy@comcast.net', 'password', FALSE);
INSERT INTO authentication(login, password, author) VALUES ('corrada@optonline.net', 'password', FALSE);
INSERT INTO authentication(login, password, author) VALUES ('wilsonpm@yahoo.ca', 'password', FALSE);
INSERT INTO authentication(login, password, author) VALUES ('sthomas@gmail.com', 'password', FALSE);
INSERT INTO authentication(login, password, author) VALUES ('odlyzko@comcast.net', 'password', TRUE);
INSERT INTO authentication(login, password, author) VALUES ('sekiya@optonline.net', 'password', TRUE);
INSERT INTO authentication(login, password, author) VALUES ('zeller@live.com', 'password', TRUE);
INSERT INTO authentication(login, password, author) VALUES ('plover@yahoo.com', 'password', TRUE);
INSERT INTO authentication(login, password, author) VALUES ('jelmer@aol.com', 'password', TRUE);
INSERT INTO authentication(login, password, author) VALUES ('jeffcovey@yahoo.ca', 'password', TRUE);
INSERT INTO authentication(login, password, author) VALUES ('valdez@icloud.com', 'password', TRUE);
INSERT INTO authentication(login, password, author) VALUES ('kevinm@mac.com', 'password', TRUE);
INSERT INTO authentication(login, password, author) VALUES ('roesch@comcast.net', 'password', TRUE);
INSERT INTO authentication(login, password, author) VALUES ('noticias@yahoo.com', 'password', TRUE);
INSERT INTO authentication(login, password, author) VALUES ('martyloo@gmail.com', 'password', TRUE);
INSERT INTO authentication(login, password, author) VALUES ('nachbaur@yahoo.com', 'password', TRUE);
INSERT INTO authentication(login, password, author) VALUES ('ranasta@sbcglobal.net', 'password', TRUE);
INSERT INTO authentication(login, password, author) VALUES ('leocharre@mac.com', 'password', TRUE);
INSERT INTO authentication(login, password, author) VALUES ('telbij@comcast.net', 'password', TRUE);
INSERT INTO authentication(login, password, author) VALUES ('scato@hotmail.com', 'password', TRUE);
INSERT INTO authentication(login, password, author) VALUES ('rasca@comcast.net', 'password', TRUE);
INSERT INTO authentication(login, password, author) VALUES ('esokullu@yahoo.com', 'password', TRUE);
INSERT INTO authentication(login, password, author) VALUES ('jcholewa@yahoo.com', 'password', TRUE);
INSERT INTO authentication(login, password, author) VALUES ('crypt@sbcglobal.net', 'password', TRUE);
INSERT INTO authentication(login, password, author) VALUES ('mallanmba@yahoo.com', 'password', TRUE);
INSERT INTO authentication(login, password, author) VALUES ('overbom@sbcglobal.net', 'password', TRUE);
INSERT INTO authentication(login, password, author) VALUES ('msloan@sbcglobal.net', 'password', TRUE);
INSERT INTO authentication(login, password, author) VALUES ('inico@icloud.com', 'password', TRUE);
INSERT INTO authentication(login, password, author) VALUES ('ryanvm@verizon.net', 'password', TRUE);
INSERT INTO authentication(login, password, author) VALUES ('seano@outlook.com', 'password', TRUE);
INSERT INTO authentication(login, password, author) VALUES ('ccohen@me.com', 'password', TRUE);
INSERT INTO authentication(login, password, author) VALUES ('martyloo@me.com', 'password', TRUE);
INSERT INTO authentication(login, password, author) VALUES ('benits@icloud.com', 'password', TRUE);


-- principal
INSERT INTO principal(id, name) VALUES (1,'Laurie');
INSERT INTO principal(id, name) VALUES (2,'Zada');
INSERT INTO principal(id, name) VALUES (3,'Shemika');
INSERT INTO principal(id, name) VALUES (4,'Ray');
INSERT INTO principal(id, name) VALUES (5,'German');
INSERT INTO principal(id, name) VALUES (6,'Luther');
INSERT INTO principal(id, name) VALUES (7,'Susannah');
INSERT INTO principal(id, name) VALUES (8,'Lydia');
INSERT INTO principal(id, name) VALUES (9,'Maybell');
INSERT INTO principal(id, name) VALUES (10,'Laci');
INSERT INTO principal(id, name) VALUES (11,'Mikaela');
INSERT INTO principal(id, name) VALUES (12,'Alfredo');
INSERT INTO principal(id, name) VALUES (13,'Hanna');
INSERT INTO principal(id, name) VALUES (14,'Laquanda');
INSERT INTO principal(id, name) VALUES (15,'Argelia');
INSERT INTO principal(id, name) VALUES (16,'Janetta');
INSERT INTO principal(id, name) VALUES (17,'Tiana');
INSERT INTO principal(id, name) VALUES (18,'Suzanna');
INSERT INTO principal(id, name) VALUES (19,'Desmond');
INSERT INTO principal(id, name) VALUES (20,'Todd');
INSERT INTO principal(id, name) VALUES (21,'Alison');
INSERT INTO principal(id, name) VALUES (22,'Stephany');
INSERT INTO principal(id, name) VALUES (23,'Tonja');
INSERT INTO principal(id, name) VALUES (24,'Margot');
INSERT INTO principal(id, name) VALUES (25,'Saul');
INSERT INTO principal(id, name) VALUES (26,'Jenifer');
INSERT INTO principal(id, name) VALUES (27,'Bella');
INSERT INTO principal(id, name) VALUES (28,'Chieko');
INSERT INTO principal(id, name) VALUES (29,'Amie');
-- author
INSERT INTO author(id, name, price_per_1000, active) VALUES (30,'Solomon', 500, TRUE);
INSERT INTO author(id, name, price_per_1000, active) VALUES (31,'Herlinda', 500, TRUE);
INSERT INTO author(id, name, price_per_1000, active) VALUES (32,'Nelia', 500, TRUE);
INSERT INTO author(id, name, price_per_1000, active) VALUES (33,'Shella', 500, TRUE);
INSERT INTO author(id, name, price_per_1000, active) VALUES (34,'Ina', 500, TRUE);
INSERT INTO author(id, name, price_per_1000, active) VALUES (35,'Giovanni', 500, TRUE);
INSERT INTO author(id, name, price_per_1000, active) VALUES (36,'Elba', 500, FALSE);
INSERT INTO author(id, name, price_per_1000, active) VALUES (37,'Katharyn', 500, TRUE);
INSERT INTO author(id, name, price_per_1000, active) VALUES (38,'Adria', 500, FALSE);
INSERT INTO author(id, name, price_per_1000, active) VALUES (39,'Lorena', 500, TRUE);
INSERT INTO author(id, name, price_per_1000, active) VALUES (40,'Melina', 500, FALSE);
INSERT INTO author(id, name, price_per_1000, active) VALUES (41,'Latoria', 500, TRUE);
INSERT INTO author(id, name, price_per_1000, active) VALUES (42,'Gale', 500, FALSE);
INSERT INTO author(id, name, price_per_1000, active) VALUES (43,'Karey', 500, TRUE);
INSERT INTO author(id, name, price_per_1000, active) VALUES (44,'Darwin', 500, TRUE);
INSERT INTO author(id, name, price_per_1000, active) VALUES (45,'Nancie', 500, FALSE);
INSERT INTO author(id, name, price_per_1000, active) VALUES (46,'Merissa', 500, FALSE);
INSERT INTO author(id, name, price_per_1000, active) VALUES (47,'Shayna', 500, TRUE);
INSERT INTO author(id, name, price_per_1000, active) VALUES (48,'Juli', 500, FALSE);
INSERT INTO author(id, name, price_per_1000, active) VALUES (49,'Melita', 500, TRUE);
INSERT INTO author(id, name, price_per_1000, active) VALUES (50,'Delmar', 500, FALSE);
INSERT INTO author(id, name, price_per_1000, active) VALUES (51,'Rosemary', 500, TRUE);
INSERT INTO author(id, name, price_per_1000, active) VALUES (52,'Peter', 500, FALSE);
INSERT INTO author(id, name, price_per_1000, active) VALUES (53,'Donald', 500, FALSE);
INSERT INTO author(id, name, price_per_1000, active) VALUES (54,'Basilia', 500, TRUE);
INSERT INTO author(id, name, price_per_1000, active) VALUES (55,'Talia', 500, TRUE);
INSERT INTO author(id, name, price_per_1000, active) VALUES (56,'Lino', 500, FALSE);
INSERT INTO author(id, name, price_per_1000, active) VALUES (57,'Josie', 500, TRUE);
INSERT INTO author(id, name, price_per_1000, active) VALUES (58,'Edward', 500, FALSE);
-- agent
INSERT INTO agent(name) VALUES ('Solomon');
INSERT INTO agent(name) VALUES ('Herlinda');
INSERT INTO agent(name) VALUES ('Nelia');
INSERT INTO agent(name) VALUES ('Shella');
INSERT INTO agent(name) VALUES ('Ina');
INSERT INTO agent(name) VALUES ('Giovanni');
INSERT INTO agent(name) VALUES ('Elba');
INSERT INTO agent(name) VALUES ('Katharyn');
INSERT INTO agent(name) VALUES ('Adria');
INSERT INTO agent(name) VALUES ('Lorena');
INSERT INTO agent(name) VALUES ('Melina');
INSERT INTO agent(name) VALUES ('Latoria');
INSERT INTO agent(name) VALUES ('Gale');
INSERT INTO agent(name) VALUES ('Karey');
INSERT INTO agent(name) VALUES ('Darwin');
INSERT INTO agent(name) VALUES ('Nancie');
INSERT INTO agent(name) VALUES ('Merissa');
INSERT INTO agent(name) VALUES ('Shayna');
INSERT INTO agent(name) VALUES ('Juli');
INSERT INTO agent(name) VALUES ('Melita');
INSERT INTO agent(name) VALUES ('Delmar');
INSERT INTO agent(name) VALUES ('Rosemary');
INSERT INTO agent(name) VALUES ('Peter');
INSERT INTO agent(name) VALUES ('Donald');
INSERT INTO agent(name) VALUES ('Basilia');
INSERT INTO agent(name) VALUES ('Talia');
INSERT INTO agent(name) VALUES ('Lino');
INSERT INTO agent(name) VALUES ('Josie');
INSERT INTO agent(name) VALUES ('Edward');
-- author_agent
INSERT INTO author_agent(group_id,author_id) VALUES (1,30);
INSERT INTO author_agent(group_id,author_id) VALUES (2,31);
INSERT INTO author_agent(group_id,author_id) VALUES (3,32);
INSERT INTO author_agent(group_id,author_id) VALUES (4,33);
INSERT INTO author_agent(group_id,author_id) VALUES (5,34);
INSERT INTO author_agent(group_id,author_id) VALUES (6,35);
INSERT INTO author_agent(group_id,author_id) VALUES (7,36);
INSERT INTO author_agent(group_id,author_id) VALUES (8,37);
INSERT INTO author_agent(group_id,author_id) VALUES (9,38);
INSERT INTO author_agent(group_id,author_id) VALUES (10,39);
INSERT INTO author_agent(group_id,author_id) VALUES (11,40);
INSERT INTO author_agent(group_id,author_id) VALUES (12,41);
INSERT INTO author_agent(group_id,author_id) VALUES (13,42);
INSERT INTO author_agent(group_id,author_id) VALUES (14,43);
INSERT INTO author_agent(group_id,author_id) VALUES (15,44);
INSERT INTO author_agent(group_id,author_id) VALUES (16,45);
INSERT INTO author_agent(group_id,author_id) VALUES (17,46);
INSERT INTO author_agent(group_id,author_id) VALUES (18,47);
INSERT INTO author_agent(group_id,author_id) VALUES (19,48);
INSERT INTO author_agent(group_id,author_id) VALUES (20,49);
INSERT INTO author_agent(group_id,author_id) VALUES (21,50);
INSERT INTO author_agent(group_id,author_id) VALUES (22,51);
INSERT INTO author_agent(group_id,author_id) VALUES (23,52);
INSERT INTO author_agent(group_id,author_id) VALUES (24,53);
INSERT INTO author_agent(group_id,author_id) VALUES (25,54);
INSERT INTO author_agent(group_id,author_id) VALUES (26,55);
INSERT INTO author_agent(group_id,author_id) VALUES (27,56);
INSERT INTO author_agent(group_id,author_id) VALUES (28,57);
INSERT INTO author_agent(group_id,author_id) VALUES (29,58);
INSERT INTO author_agent(group_id,author_id) VALUES (1,31);
INSERT INTO author_agent(group_id,author_id) VALUES (1,32);
-- style
INSERT INTO style(name) VALUES ('factual_description');
INSERT INTO style(name) VALUES ('factual_recount');
INSERT INTO style(name) VALUES ('information_report');
INSERT INTO style(name) VALUES ('procedure');
INSERT INTO style(name) VALUES ('procedural_recount');
INSERT INTO style(name) VALUES ('explanation');
INSERT INTO style(name) VALUES ('exposition');
INSERT INTO style(name) VALUES ('discussion');
INSERT INTO style(name) VALUES ('literary_description');
INSERT INTO style(name) VALUES ('literary_recount');
INSERT INTO style(name) VALUES ('personal_response');
INSERT INTO style(name) VALUES ('review');
INSERT INTO style(name) VALUES ('narrative');
-- social_network
INSERT INTO social_network(name) VALUES ('Facebook');
INSERT INTO social_network(name) VALUES ('VK');
INSERT INTO social_network(name) VALUES ('Instagram');
INSERT INTO social_network(name) VALUES ('Twitter');
INSERT INTO social_network(name) VALUES ('LinkedIn');
-- account
INSERT INTO account(principal_id, social_network_id, login, password) VALUES (1, 1, '1', 'password');
INSERT INTO account(principal_id, social_network_id, login, password) VALUES (2, 2, '2', 'password');
INSERT INTO account(principal_id, social_network_id, login, password) VALUES (3, 3, '3', 'password');
INSERT INTO account(principal_id, social_network_id, login, password) VALUES (4, 3, '4', 'password');
INSERT INTO account(principal_id, social_network_id, login, password) VALUES (5, 3, '5', 'password');
INSERT INTO account(principal_id, social_network_id, login, password) VALUES (6, 4, '6', 'password');
INSERT INTO account(principal_id, social_network_id, login, password) VALUES (7, 1, '7', 'password');
INSERT INTO account(principal_id, social_network_id, login, password) VALUES (8, 3, '8', 'password');
INSERT INTO account(principal_id, social_network_id, login, password) VALUES (9, 1, '9', 'password');
INSERT INTO account(principal_id, social_network_id, login, password) VALUES (10, 1, '10', 'password');
INSERT INTO account(principal_id, social_network_id, login, password) VALUES (11, 2, '11', 'password');
INSERT INTO account(principal_id, social_network_id, login, password) VALUES (12, 3, '12', 'password');
INSERT INTO account(principal_id, social_network_id, login, password) VALUES (13, 4, '13', 'password');
INSERT INTO account(principal_id, social_network_id, login, password) VALUES (14, 5, '14', 'password');
INSERT INTO account(principal_id, social_network_id, login, password) VALUES (15, 1, '15', 'password');
INSERT INTO account(principal_id, social_network_id, login, password) VALUES (16, 2, '16', 'password');
INSERT INTO account(principal_id, social_network_id, login, password) VALUES (17, 3, '17', 'password');
INSERT INTO account(principal_id, social_network_id, login, password) VALUES (18, 4, '18', 'password');
INSERT INTO account(principal_id, social_network_id, login, password) VALUES (19, 5, '19', 'password');
INSERT INTO account(principal_id, social_network_id, login, password) VALUES (20, 1, '20', 'password');
INSERT INTO account(principal_id, social_network_id, login, password) VALUES (21, 2, '21', 'password');
INSERT INTO account(principal_id, social_network_id, login, password) VALUES (22, 3, '22', 'password');
INSERT INTO account(principal_id, social_network_id, login, password) VALUES (23, 4, '23', 'password');
INSERT INTO account(principal_id, social_network_id, login, password) VALUES (24, 5, '24', 'password');
INSERT INTO account(principal_id, social_network_id, login, password) VALUES (25, 1, '25', 'password');
INSERT INTO account(principal_id, social_network_id, login, password) VALUES (26, 2, '26', 'password');
INSERT INTO account(principal_id, social_network_id, login, password) VALUES (27, 3, '27', 'password');
INSERT INTO account(principal_id, social_network_id, login, password) VALUES (28, 4, '28', 'password');
INSERT INTO account(principal_id, social_network_id, login, password) VALUES (29, 5, '29', 'password');
-- discount
INSERT INTO discount(author_id, style_id, sale_to, discount) VALUES (30, 1, '2020-11-02', 0.9);
INSERT INTO discount(author_id, style_id, sale_to, discount) VALUES (31, 2, '2020-11-03', 0.9);
INSERT INTO discount(author_id, style_id, sale_to, discount) VALUES (32, 3, '2020-09-11', 0.80);
INSERT INTO discount(author_id, style_id, sale_to, discount) VALUES (33, 3, '2020-08-25', 0.7);
INSERT INTO discount(author_id, style_id, sale_to, discount) VALUES (34, 5, '2020-09-11', 0.85);
-- posts
INSERT INTO posts(account_id, text, style_id, date) VALUES (1, '', 1, '2020-05-26');
INSERT INTO posts(account_id, text, style_id, date) VALUES (2, '', 2, '2020-05-27');
INSERT INTO posts(account_id, text, style_id, date) VALUES (3, '', 3, '2020-05-26');
INSERT INTO posts(account_id, text, style_id, date) VALUES (4, '', 4, '2020-05-21');
INSERT INTO posts(account_id, text, style_id, date) VALUES (5, '', 5, '2020-05-16');
-- orders
INSERT INTO orders(principal_id, agent_id, volume, post_id, price, date, status) VALUES (1, 1, 100, 1, 100, '2020-05-26', 'opened');
INSERT INTO orders(principal_id, agent_id, volume, post_id, price, date, status) VALUES (2, 2, 110, 2, 47, '2020-05-27', 'opened');
INSERT INTO orders(principal_id, agent_id, volume, post_id, price, date, status) VALUES (3, 3, 120, 3, 95, '2020-05-26', 'opened');
INSERT INTO orders(principal_id, agent_id, volume, post_id, price, date, status) VALUES (4, 4, 130, 4, 118, '2020-05-21', 'opened');
INSERT INTO orders(principal_id, agent_id, volume, post_id, price, date, status) VALUES (5, 5, 1000, 5, 120, '2020-05-16', 'opened');
